insert into FizickoLice (id, id_lokacija, Ime, Prezime, DatumRodjenja) values (1, 'Mellisent', 'Beinisch', '9/4/1968');
insert into FizickoLice (id, Ime, id_lokacija, Prezime, DatumRodjenja) values (2, 'Isacco', 'Cready', '3/17/1969');
insert into FizickoLice (id, Ime, id_lokacija, Prezime, DatumRodjenja) values (3, 'Nissa', 'Pescud', '7/13/1972');
insert into FizickoLice (id, Ime, id_lokacija, Prezime, DatumRodjenja) values (4, 'Faina', 'Tinker', '7/31/1981');
insert into FizickoLice (id, Ime, id_lokacija, Prezime, DatumRodjenja) values (5, 'Phip', 'Pedrazzi', '3/13/1970');
insert into FizickoLice (id, Ime, id_lokacija, Prezime, DatumRodjenja) values (6, 'Anabella', 'Dran', '8/14/1989');
insert into FizickoLice (id, Ime, id_lokacija, Prezime, DatumRodjenja) values (7, 'Nicolais', 'Kimbell', '2/6/1982');
insert into FizickoLice (id, Ime, id_lokacija, Prezime, DatumRodjenja) values (8, 'Arturo', 'Beynkn', '2/15/1969');
insert into FizickoLice (id, Ime, id_lokacija, Prezime, DatumRodjenja) values (9, 'Nicolea', 'Keasey', '7/2/1975');
insert into FizickoLice (id, Ime, id_lokacija, Prezime, DatumRodjenja) values (10, 'Nissie', 'MacDavitt', '8/8/1971');
insert into FizickoLice (id, Ime, id_lokacija, Prezime, DatumRodjenja) values (11, 'Abbie', 'Carluccio', '5/8/1983');
insert into FizickoLice (id, Ime, id_lokacija, Prezime, DatumRodjenja) values (12, 'Philipa', 'Ellingworth', '12/1/1964');
insert into FizickoLice (id, Ime, id_lokacija, Prezime, DatumRodjenja) values (13, 'Clemmie', 'Alders', '3/12/1972');
insert into FizickoLice (id, Ime, id_lokacija, Prezime, DatumRodjenja) values (14, 'Janifer', 'Peres', '8/23/1967');
insert into FizickoLice (id, Ime, id_lokacija, Prezime, DatumRodjenja) values (15, 'Hallie', 'Allanson', '11/16/1979');
insert into FizickoLice (id, Ime, id_lokacija, Prezime, DatumRodjenja) values (16, 'Elisabetta', 'Barok', '7/26/1964');
insert into FizickoLice (id, Ime, id_lokacija, Prezime, DatumRodjenja) values (17, 'Lanae', 'Gleader', '2/1/1962');
insert into FizickoLice (id, Ime, id_lokacija, Prezime, DatumRodjenja) values (18, 'Balduin', 'Byrnes', '5/8/1984');
insert into FizickoLice (id, Ime, id_lokacija, Prezime, DatumRodjenja) values (19, 'Ulrich', 'Hawthorne', '12/20/1987');
insert into FizickoLice (id, Ime, id_lokacija, Prezime, DatumRodjenja) values (20, 'Dana', 'Gullan', '1/4/1976');
insert into FizickoLice (id, Ime, id_lokacija, Prezime, DatumRodjenja) values (21, 'Bryan', 'Woolpert', '3/18/1980');
insert into FizickoLice (id, Ime, id_lokacija, Prezime, DatumRodjenja) values (22, 15, 'Palmer', 'Aloshechkin', '6/27/1976');
insert into FizickoLice (id, Ime, id_lokacija, Prezime, DatumRodjenja) values (23, 14, 'Broddy', 'Woodrow', '1/31/1982');
insert into FizickoLice (id, Ime, id_lokacija, Prezime, DatumRodjenja) values (24, 13, 'Eamon', 'Witherington', '6/26/1973');
insert into FizickoLice (id, Ime, id_lokacija, Prezime, DatumRodjenja) values (25, 12, 'Kimmi', 'Hubbucks', '11/25/1971');
insert into FizickoLice (id, Ime, id_lokacija, Prezime, DatumRodjenja) values (26, 11,'Lissy', 'Beardmore', '12/25/1984');
insert into FizickoLice (id, Ime, id_lokacija, Prezime, DatumRodjenja) values (27, 10,'Erik', 'Zorzutti', '1/7/1989');
insert into FizickoLice (id, Ime, id_lokacija, Prezime, DatumRodjenja) values (28, 9, 'Keslie', 'Chaikovski', '3/29/1973');
insert into FizickoLice (id, Ime, id_lokacija, Prezime, DatumRodjenja) values (29, 8, 'Vinnie', 'Glaister', '5/18/1985');
insert into FizickoLice (id, Ime, id_lokacija, Prezime, DatumRodjenja) values (30, 7, 'Leisha', 'Nowak', '3/24/1970');
insert into FizickoLice (id, Ime, id_lokacija, Prezime, DatumRodjenja) values (31, 6, 'Cathe', 'Veryard', '5/25/1974');
insert into FizickoLice (id, Ime, id_lokacija, Prezime, DatumRodjenja) values (32, 5, 'Domini', 'Copestake', '6/16/1988');
insert into FizickoLice (id, Ime, id_lokacija, Prezime, DatumRodjenja) values (33, 4, 'Grantham', 'Kimpton', '11/9/1965');
insert into FizickoLice (id, Ime, id_lokacija, Prezime, DatumRodjenja) values (34, 3, 'Etta', 'Bamford', '7/25/1965');
insert into FizickoLice (id, Ime, id_lokacija, Prezime, DatumRodjenja) values (35, 2, 'Lelia', 'Fibben', '1/29/1975');
insert into FizickoLice (id, Ime, id_lokacija, Prezime, DatumRodjenja) values (36, 1, 'Helge', 'Nudde', '8/11/1979');
insert into FizickoLice (id, Ime, id_lokacija, Prezime, DatumRodjenja) values (37, 2, 'Hyacinth', 'Arnall', '12/11/1987');
insert into FizickoLice (id, Ime, id_lokacija, Prezime, DatumRodjenja) values (38, 3, 'Myrle', 'Bligh', '8/14/1989');
insert into FizickoLice (id, Ime, id_lokacija, Prezime, DatumRodjenja) values (39, 4, 'Beatrix', 'Swales', '5/20/1976');
insert into FizickoLice (id, Ime, id_lokacija, Prezime, DatumRodjenja) values (40, 5, 'Stephannie', 'Irvin', '11/22/1977');
insert into FizickoLice (id, Ime, id_lokacija, Prezime, DatumRodjenja) values (41, 6, 'Quint', 'Brugmann', '2/16/1976');
insert into FizickoLice (id, Ime, id_lokacija, Prezime, DatumRodjenja) values (42, 7, 'Heinrik', 'Brient', '8/1/1968');
insert into FizickoLice (id, Ime, id_lokacija, Prezime, DatumRodjenja) values (43, 8, 'Tiebout', 'Morena', '6/14/1965');
insert into FizickoLice (id, Ime, id_lokacija, Prezime, DatumRodjenja) values (44, 9, 'Carla', 'Rookwell', '6/15/1984');
insert into FizickoLice (id, Ime, id_lokacija, Prezime, DatumRodjenja) values (45, 10, 'Essy', 'Beresford', '1/19/1980');
insert into FizickoLice (id, Ime, id_lokacija, Prezime, DatumRodjenja) values (46, 11, 'Heddi', 'Pashby', '9/3/1970');
insert into FizickoLice (id, Ime, id_lokacija, Prezime, DatumRodjenja) values (47, 12, 'Brook', 'Hierro', '1/31/1971');
insert into FizickoLice (id, Ime, id_lokacija, Prezime, DatumRodjenja) values (48, 13, 'Barb', 'Strelitzer', '2/11/1988');
insert into FizickoLice (id, Ime, id_lokacija, Prezime, DatumRodjenja) values (49, 14, 'Rosalie', 'Szabo', '10/2/1978');
insert into FizickoLice (id, Ime, id_lokacija, Prezime, DatumRodjenja) values (50, 15, 'Cissiee', 'McGiven', '2/15/1989');

insert into Uposlenik (id_uposlenik, BrojUgovora, Plata, DatumZaposlenja, BankovniRacun, id_odjel, id_fizickolice) values (1, 'H078', 2261, '6/7/1989', '2249-938-7936', 4, 1);
insert into Uposlenik (id_uposlenik, BrojUgovora, Plata, DatumZaposlenja, BankovniRacun, id_odjel, id_fizickolice) values (2, 'C121', 3328, '10/3/1973', '9143-098-7232', 4, 2);
insert into Uposlenik (id_uposlenik, BrojUgovora, Plata, DatumZaposlenja, BankovniRacun, id_odjel, id_fizickolice) values (3, 'J767', 4870, '9/21/1976', '4567-100-4780', 1, 3);
insert into Uposlenik (id_uposlenik, BrojUgovora, Plata, DatumZaposlenja, BankovniRacun, id_odjel, id_fizickolice) values (4, 'F520', 7845, '9/20/1983', '8590-600-1146', 3, 4);
insert into Uposlenik (id_uposlenik, BrojUgovora, Plata, DatumZaposlenja, BankovniRacun, id_odjel, id_fizickolice) values (5, 'X486', 4987, '5/18/1955', '5406-539-1585', 3, 5);
insert into Uposlenik (id_uposlenik, BrojUgovora, Plata, DatumZaposlenja, BankovniRacun, id_odjel, id_fizickolice) values (6, 'Q092', 2080, '1/30/1967', '2417-235-5791', 1, 6);
insert into Uposlenik (id_uposlenik, BrojUgovora, Plata, DatumZaposlenja, BankovniRacun, id_odjel, id_fizickolice) values (7, 'G624', 1190, '4/23/1961', '1604-799-8509', 4, 7);
insert into Uposlenik (id_uposlenik, BrojUgovora, Plata, DatumZaposlenja, BankovniRacun, id_odjel, id_fizickolice) values (8, 'U422', 1078, '12/2/1976', '3589-792-2927', 1, 8);
insert into Uposlenik (id_uposlenik, BrojUgovora, Plata, DatumZaposlenja, BankovniRacun, id_odjel, id_fizickolice) values (9, 'Z201', 4221, '12/26/1952', '6484-459-0761', 5, 9);
insert into Uposlenik (id_uposlenik, BrojUgovora, Plata, DatumZaposlenja, BankovniRacun, id_odjel, id_fizickolice) values (10, 'O073', 7444, '8/1/1965', '5496-217-6935', 3, 10);
insert into Uposlenik (id_uposlenik, BrojUgovora, Plata, DatumZaposlenja, BankovniRacun, id_odjel, id_fizickolice) values (11, 'B163', 6561, '5/16/1988', '0703-923-7116', 5, 11);
insert into Uposlenik (id_uposlenik, BrojUgovora, Plata, DatumZaposlenja, BankovniRacun, id_odjel, id_fizickolice) values (12, 'H522', 6610, '3/12/1953', '8391-821-2961', 2, 12);
insert into Uposlenik (id_uposlenik, BrojUgovora, Plata, DatumZaposlenja, BankovniRacun, id_odjel, id_fizickolice) values (13, 'P861', 2961, '9/30/1979', '4971-578-7166', 4, 13);
insert into Uposlenik (id_uposlenik, BrojUgovora, Plata, DatumZaposlenja, BankovniRacun, id_odjel, id_fizickolice) values (14, 'I628', 6651, '10/18/1965', '5869-541-7380', 5, 14);
insert into Uposlenik (id_uposlenik, BrojUgovora, Plata, DatumZaposlenja, BankovniRacun, id_odjel, id_fizickolice) values (15, 'F173', 6869, '6/6/1965', '4821-966-0810', 2, 15);
insert into Uposlenik (id_uposlenik, BrojUgovora, Plata, DatumZaposlenja, BankovniRacun, id_odjel, id_fizickolice) values (16, 'V192', 4640, '1/13/1980', '2004-721-2018', 2, 16);
insert into Uposlenik (id_uposlenik, BrojUgovora, Plata, DatumZaposlenja, BankovniRacun, id_odjel, id_fizickolice) values (17, 'M539', 1023, '6/19/1970', '6563-970-5310', 3, 17);
insert into Uposlenik (id_uposlenik, BrojUgovora, Plata, DatumZaposlenja, BankovniRacun, id_odjel, id_fizickolice) values (18, 'J609', 4119, '9/20/1951', '6558-641-3811', 5, 18);
insert into Uposlenik (id_uposlenik, BrojUgovora, Plata, DatumZaposlenja, BankovniRacun, id_odjel, id_fizickolice) values (19, 'O879', 7086, '7/19/1976', '2086-089-9665', 5, 19);
insert into Uposlenik (id_uposlenik, BrojUgovora, Plata, DatumZaposlenja, BankovniRacun, id_odjel, id_fizickolice) values (20, 'J421', 1346, '9/16/1972', '8018-822-8160', 2, 20);
insert into Uposlenik (id_uposlenik, BrojUgovora, Plata, DatumZaposlenja, BankovniRacun, id_odjel, id_fizickolice) values (21, 'F558', 1648, '3/29/1989', '7501-342-4472', 5, 21);
insert into Uposlenik (id_uposlenik, BrojUgovora, Plata, DatumZaposlenja, BankovniRacun, id_odjel, id_fizickolice) values (22, 'K380', 4484, '2/12/1980', '9467-770-9031', 3, 22);
insert into Uposlenik (id_uposlenik, BrojUgovora, Plata, DatumZaposlenja, BankovniRacun, id_odjel, id_fizickolice) values (23, 'G518', 3062, '4/4/1991', '4354-804-6333', 5, 23);
insert into Uposlenik (id_uposlenik, BrojUgovora, Plata, DatumZaposlenja, BankovniRacun, id_odjel, id_fizickolice) values (24, 'O834', 4119, '5/3/1983', '6329-728-8270', 2, 24);
insert into Uposlenik (id_uposlenik, BrojUgovora, Plata, DatumZaposlenja, BankovniRacun, id_odjel, id_fizickolice) values (25, 'X386', 5164, '1/18/1959', '6588-152-7870', 5, 25);
insert into Uposlenik (id_uposlenik, BrojUgovora, Plata, DatumZaposlenja, BankovniRacun, id_odjel, id_fizickolice) values (26, 'M253', 5307, '6/29/1984', '8949-451-4747', 2, 26);
insert into Uposlenik (id_uposlenik, BrojUgovora, Plata, DatumZaposlenja, BankovniRacun, id_odjel, id_fizickolice) values (27, 'E919', 2120, '8/26/1993', '5985-592-0440', 2, 27);
insert into Uposlenik (id_uposlenik, BrojUgovora, Plata, DatumZaposlenja, BankovniRacun, id_odjel, id_fizickolice) values (28, 'C322', 4513, '10/30/1961', '3080-686-8026', 1, 28);
insert into Uposlenik (id_uposlenik, BrojUgovora, Plata, DatumZaposlenja, BankovniRacun, id_odjel, id_fizickolice) values (29, 'K635', 4010, '8/8/1962', '3401-086-5768', 5, 29);
insert into Uposlenik (id_uposlenik, BrojUgovora, Plata, DatumZaposlenja, BankovniRacun, id_odjel, id_fizickolice) values (30, 'J541', 5152, '6/27/1970', '8286-533-5697', 4, 30);


insert into Odjel (id_odjel, Naziv, id_sef) values (1, 'Games', 11);
insert into Odjel (id_odjel, Naziv, id_sef) values (2, 'Keyboards', 22);
insert into Odjel (id_odjel, Naziv, id_sef) values (3, 'Management', 13);
insert into Odjel (id_odjel, Naziv, id_sef) values (4, 'HR', 4);
insert into Odjel (id_odjel, Naziv, id_sef) values (5, 'Sales', 5);

insert into Lokacija (id_lokacija, Grad, Adresa, id_drzava) values (1, 'Jargalant', '173 Coleman Way', 1);
insert into Lokacija (id_lokacija, Grad, Adresa, id_drzava) values (2, 'Liudu', '748 Atwood Place', 2);
insert into Lokacija (id_lokacija, Grad, Adresa, id_drzava) values (3, 'Vërtop', '305 Division Way', 3);
insert into Lokacija (id_lokacija, Grad, Adresa, id_drzava) values (4, 'Misawa', '056 American Ash Way', 4);
insert into Lokacija (id_lokacija, Grad, Adresa, id_drzava) values (5, 'Tengah', '64844 Corben Circle', 5);
insert into Lokacija (id_lokacija, Grad, Adresa, id_drzava) values (6, 'General San Martín', '56417 Union Terrace', 6);
insert into Lokacija (id_lokacija, Grad, Adresa, id_drzava) values (7, 'Phoenix', '7 New Castle Terrace', 7);
insert into Lokacija (id_lokacija, Grad, Adresa, id_drzava) values (8, 'Šenèur', '74 Browning Avenue', 8);
insert into Lokacija (id_lokacija, Grad, Adresa, id_drzava) values (9, 'Nemby', '605 Dakota Lane', 9);
insert into Lokacija (id_lokacija, Grad, Adresa, id_drzava) values (10, 'Yuetang', '97796 Del Mar Plaza', 10);
insert into Lokacija (id_lokacija, Grad, Adresa, id_drzava) values (11, 'Wasquehal', '497 Londonderry Place', 11);
insert into Lokacija (id_lokacija, Grad, Adresa, id_drzava) values (12, 'Drammen', '2061 Eggendart Way', 12);
insert into Lokacija (id_lokacija, Grad, Adresa, id_drzava) values (13, 'Hongyi', '01 Anderson Hill', 13);
insert into Lokacija (id_lokacija, Grad, Adresa, id_drzava) values (14, 'Bang Mun Nak', '0126 Bartillon Avenue', 14);
insert into Lokacija (id_lokacija, Grad, Adresa, id_drzava) values (15, 'San Martín de los Andes', '3243 Pine View Point', 15);

insert into Drzava (id_drzava, Naziv, id_kontinent) values (1, 'Portugal', 1);
insert into Drzava (id_drzava, Naziv, id_kontinent) values (2, 'China', 3);
insert into Drzava (id_drzava, Naziv, id_kontinent) values (3, 'Germany', 1);
insert into Drzava (id_drzava, Naziv, id_kontinent) values (4, 'Japan', 3);
insert into Drzava (id_drzava, Naziv, id_kontinent) values (5, 'Peru', 2);
insert into Drzava (id_drzava, Naziv, id_kontinent) values (6, 'Indonesia', 3);
insert into Drzava (id_drzava, Naziv, id_kontinent) values (7, 'Sweden', 1);
insert into Drzava (id_drzava, Naziv, id_kontinent) values (8, 'France', 1);
insert into Drzava (id_drzava, Naziv, id_kontinent) values (9, 'Thailand', 3);
insert into Drzava (id_drzava, Naziv, id_kontinent) values (10, 'Philippines', 3);

insert into Kontinent (id_kontinent, Naziv) values (1, 'Europe');
insert into Kontinent (id_kontinent, Naziv) values (2, 'South America');
insert into Kontinent (id_kontinent, Naziv) values (3, 'Asia');
insert into Kontinent (id_kontinent, Naziv) values (4, 'Africa');
insert into Kontinent (id_kontinent, Naziv) values (5, 'North America');
insert into Kontinent (id_kontinent, Naziv) values (6, 'Australia');

insert into PravnoLice (id_pravnoLice, Naziv, BrojUgovora, DatumPotpisa, DatumRaskida, id_lokacija) values (1, 'Atlantic American Corporation', 'N8407', '6/23/2014', '9/27/2018', 1);
insert into PravnoLice (id_pravnoLice, Naziv, BrojUgovora, DatumPotpisa, DatumRaskida, id_lokacija) values (2, 'Cumulus Media Inc.', 'C5138', '5/11/2014', '11/16/2018', 2);
insert into PravnoLice (id_pravnoLice, Naziv, BrojUgovora, DatumPotpisa, DatumRaskida, id_lokacija) values (3, 'South State Corporation', 'O5684', '4/7/2012', '8/18/2017', 3);
insert into PravnoLice (id_pravnoLice, Naziv, BrojUgovora, DatumPotpisa, DatumRaskida, id_lokacija) values (4, 'Grupo Financiero Galicia S.A.', 'U9449', '9/19/2014', '9/29/2018', 4);
insert into PravnoLice (id_pravnoLice, Naziv, BrojUgovora, DatumPotpisa, DatumRaskida, id_lokacija) values (5, 'Genie Energy Ltd.', 'D8688', '10/28/2013', '10/3/2017', 5);
insert into PravnoLice (id_pravnoLice, Naziv, BrojUgovora, DatumPotpisa, DatumRaskida, id_lokacija) values (6, 'Global Partner Acquisition Corp.', 'C1527', '1/1/2011', '7/11/2018', 6);
insert into PravnoLice (id_pravnoLice, Naziv, BrojUgovora, DatumPotpisa, DatumRaskida, id_lokacija) values (7, 'American Electric Technologies, Inc.', 'K5346', '3/25/2014', '8/24/2018', 7);
insert into PravnoLice (id_pravnoLice, Naziv, BrojUgovora, DatumPotpisa, DatumRaskida, id_lokacija) values (8, 'Golub Capital BDC, Inc.', 'C7558', '3/3/2013', '10/24/2017', 8);
insert into PravnoLice (id_pravnoLice, Naziv, BrojUgovora, DatumPotpisa, DatumRaskida, id_lokacija) values (9, 'Fulton Financial Corporation', 'W3443', '7/22/2011', '2/14/2017', 9);
insert into PravnoLice (id_pravnoLice, Naziv, BrojUgovora, DatumPotpisa, DatumRaskida, id_lokacija) values (10, 'First Trust', 'M8691', '5/31/2013', '10/16/2017', 10);

insert into KurirskaSluzba (id_kurirskaSluzba, id_pravnoLice) values (1, 1);
insert into KurirskaSluzba (id_kurirskaSluzba, id_pravnoLice) values (2, 2);
insert into KurirskaSluzba (id_kurirskaSluzba, id_pravnoLice) values (3, 3);
insert into KurirskaSluzba (id_kurirskaSluzba, id_pravnoLice) values (4, 4);
insert into KurirskaSluzba (id_kurirskaSluzba, id_pravnoLice) values (5, 5);

insert into Kupac (id_kupac, id_fizickolice) values (1, 31);
insert into Kupac (id_kupac, id_fizickolice) values (2, 33);
insert into Kupac (id_kupac, id_fizickolice) values (3, 43);
insert into Kupac (id_kupac, id_fizickolice) values (4, 44);
insert into Kupac (id_kupac, id_fizickolice) values (5, 15);
insert into Kupac (id_kupac, id_fizickolice) values (6, 6);
insert into Kupac (id_kupac, id_fizickolice) values (7, 37);
insert into Kupac (id_kupac, id_fizickolice) values (8, 8);
insert into Kupac (id_kupac, id_fizickolice) values (9, 49);
insert into Kupac (id_kupac, id_fizickolice) values (10, 18);

insert into Proizvodjac (id_proizvodjac, id_pravnoLice) values (1, 6);
insert into Proizvodjac (id_proizvodjac, id_pravnoLice) values (2, 7);
insert into Proizvodjac (id_proizvodjac, id_pravnoLice) values (3, 8);
insert into Proizvodjac (id_proizvodjac, id_pravnoLice) values (4, 9);
insert into Proizvodjac (id_proizvodjac, id_pravnoLice) values (5, 10);

insert into Isporuka (id_isporuka, id_kurirskaSluzba, DatumIsporuke) values (1, 1, '6/8/2019');
insert into Isporuka (id_isporuka, id_kurirskaSluzba, DatumIsporuke) values (2, 1, '1/3/2019');
insert into Isporuka (id_isporuka, id_kurirskaSluzba, DatumIsporuke) values (3, 2, '6/10/2019');
insert into Isporuka (id_isporuka, id_kurirskaSluzba, DatumIsporuke) values (4, 2, '8/8/2019');
insert into Isporuka (id_isporuka, id_kurirskaSluzba, DatumIsporuke) values (5, 3, '8/30/2019');
insert into Isporuka (id_isporuka, id_kurirskaSluzba, DatumIsporuke) values (6, 3, '4/15/2019');
insert into Isporuka (id_isporuka, id_kurirskaSluzba, DatumIsporuke) values (7, 4, '11/25/2019');
insert into Isporuka (id_isporuka, id_kurirskaSluzba, DatumIsporuke) values (8, 5, '1/13/2019');
insert into Isporuka (id_isporuka, id_kurirskaSluzba, DatumIsporuke) values (9, 4, '3/21/2019');
insert into Isporuka (id_isporuka, id_kurirskaSluzba, DatumIsporuke) values (10, 5, '2/5/2019');

insert into Garancija (id_garancija, id_faktura, datum_pocetka, datum_isteka) values (1, 1, '1/28/2015', '12/21/2018');
insert into Garancija (id_garancija, id_faktura, datum_pocetka, datum_isteka) values (2, 2, '9/14/2018', '8/14/2019');
insert into Garancija (id_garancija, id_faktura, datum_pocetka, datum_isteka) values (3, 3, '7/4/2018', '7/10/2019');
insert into Garancija (id_garancija, id_faktura, datum_pocetka, datum_isteka) values (4, 4, '10/14/2018', '9/30/2019');
insert into Garancija (id_garancija, id_faktura, datum_pocetka, datum_isteka) values (5, 5, '5/6/2018', '4/26/2019');
insert into Garancija (id_garancija, id_faktura, datum_pocetka, datum_isteka) values (6, 6, '2/13/2017', '11/28/2018');
insert into Garancija (id_garancija, id_faktura, datum_pocetka, datum_isteka) values (7, 7, '5/8/2017', '8/28/2019');
insert into Garancija (id_garancija, id_faktura, datum_pocetka, datum_isteka) values (8, 8, '7/29/2017', '10/5/2019');
insert into Garancija (id_garancija, id_faktura, datum_pocetka, datum_isteka) values (9, 9, '1/25/2017', '5/20/2019');
insert into Garancija (id_garancija, id_faktura, datum_pocetka, datum_isteka) values (10, 10, '1/28/2018', '4/11/2019');

insert into Faktura (id_garancija, id_faktura, DatumZakljucenja, Iznos, id_kupac, id_popust) values (1, 1, '7/9/2017', 725.45, 1, 1);
insert into Faktura (id_garancija, id_faktura, DatumZakljucenja, Iznos, id_kupac, id_popust) values (2, 2, '5/6/2017', 665.55, 2, 2);
insert into Faktura (id_garancija, id_faktura, DatumZakljucenja, Iznos, id_kupac, id_popust) values (3, 3, '1/10/2018', 155.36, 3, 3);
insert into Faktura (id_garancija, id_faktura, DatumZakljucenja, Iznos, id_kupac, id_popust) values (4, 4, '12/27/2017', 282.99, 4, 4);
insert into Faktura (id_garancija, id_faktura, DatumZakljucenja, Iznos, id_kupac, id_popust) values (5, 5, '8/11/2017', 118.8, 5, 5);
insert into Faktura (id_garancija, id_faktura, DatumZakljucenja, Iznos, id_kupac, id_popust) values (6, 6, '9/28/2018', 702.27, 6, 6);
insert into Faktura (id_garancija, id_faktura, DatumZakljucenja, Iznos, id_kupac, id_popust) values (7, 7, '9/21/2018', 565.1, 7, 7);
insert into Faktura (id_garancija, id_faktura, DatumZakljucenja, Iznos, id_kupac, id_popust) values (8, 8, '10/6/2017', 161.44, 8, 8);
insert into Faktura (id_garancija, id_faktura, DatumZakljucenja, Iznos, id_kupac, id_popust) values (9, 9, '7/26/2017', 631.32, 9, 9);
insert into Faktura (id_garancija, id_faktura, DatumZakljucenja, Iznos, id_kupac, id_popust) values (10, 10, '11/20/2017', 828.91, 10, 10);

insert into Popust (id_popust, procentualni_popust, aktuelan, id_proizvod) values (1, 34.7, 001, 1);
insert into Popust (id_popust, procentualni_popust, aktuelan, id_proizvod) values (2, 14.4, 002, 2);
insert into Popust (id_popust, procentualni_popust, aktuelan, id_proizvod) values (3, 12.2, 033, 3);
insert into Popust (id_popust, procentualni_popust, aktuelan, id_proizvod) values (4, 26.6, 114, 4);
insert into Popust (id_popust, procentualni_popust, aktuelan, id_proizvod) values (5, 41.9, 5, 5);
insert into Popust (id_popust, procentualni_popust, aktuelan, id_proizvod) values (6, 38.1, 16, 6);
insert into Popust (id_popust, procentualni_popust, aktuelan, id_proizvod) values (7, 10.6, 27, 7);
insert into Popust (id_popust, procentualni_popust, aktuelan, id_proizvod) values (8, 22.6, 38, 8);
insert into Popust (id_popust, procentualni_popust, aktuelan, id_proizvod) values (9, 10.5, 49, 9);
insert into Popust (id_popust, procentualni_popust, aktuelan, id_proizvod) values (10, 32.1, 15, 10);

insert into Proizvod (id_proizvod, Cijena, Naziv, Mjeseci_garancije, id_proizvodjac, id_kategorija) values (1, 873.4, 'Bitchip', 12, 6, 1);
insert into Proizvod (id_proizvod, Cijena, Naziv, Mjeseci_garancije, id_proizvodjac, id_kategorija) values (2, 496.9, 'Veribet', 24, 7, 2);
insert into Proizvod (id_proizvod, Cijena, Naziv, Mjeseci_garancije, id_proizvodjac, id_kategorija) values (3, 1450.3, 'Vagram', 36, 8, 3);
insert into Proizvod (id_proizvod, Cijena, Naziv, Mjeseci_garancije, id_proizvodjac, id_kategorija) values (4, 774.7, 'Cookley', 12, 9, 4);
insert into Proizvod (id_proizvod, Cijena, Naziv, Mjeseci_garancije, id_proizvodjac, id_kategorija) values (5, 1214.7, 'Span', 24, 9, 5);
insert into Proizvod (id_proizvod, Cijena, Naziv, Mjeseci_garancije, id_proizvodjac, id_kategorija) values (6, 687.7, 'Stronghold', 36, 6, 1);
insert into Proizvod (id_proizvod, Cijena, Naziv, Mjeseci_garancije, id_proizvodjac, id_kategorija) values (7, 1251.2, 'Sonsing', 24, 7, 2);
insert into Proizvod (id_proizvod, Cijena, Naziv, Mjeseci_garancije, id_proizvodjac, id_kategorija) values (8, 341.5, 'Tampflex', 18, 7, 3);
insert into Proizvod (id_proizvod, Cijena, Naziv, Mjeseci_garancije, id_proizvodjac, id_kategorija) values (9, 363.4, 'Stronghold', 6, 7, 4);
insert into Proizvod (id_proizvod, Cijena, Naziv, Mjeseci_garancije, id_proizvodjac, id_kategorija) values (10, 290.0, 'Keylex', 6, 9, 5);
insert into Proizvod (id_proizvod, Cijena, Naziv, Mjeseci_garancije, id_proizvodjac, id_kategorija) values (11, 594.9, 'Lotlux', 6, 10, 1);
insert into Proizvod (id_proizvod, Cijena, Naziv, Mjeseci_garancije, id_proizvodjac, id_kategorija) values (12, 478.2, 'Temp', 12, 9, 2);
insert into Proizvod (id_proizvod, Cijena, Naziv, Mjeseci_garancije, id_proizvodjac, id_kategorija) values (13, 846.5, 'Tresom', 12, 8, 3);
insert into Proizvod (id_proizvod, Cijena, Naziv, Mjeseci_garancije, id_proizvodjac, id_kategorija) values (14, 1455.9, 'Zoolab', 24, 8, 4);
insert into Proizvod (id_proizvod, Cijena, Naziv, Mjeseci_garancije, id_proizvodjac, id_kategorija) values (15, 744.8, 'Ventosanzap', 12, 8, 5);

insert into Kategorija (id_kategorija, Naziv, id_nadkategorija) values (1, 'Keyboard', 3);
insert into Kategorija (id_kategorija, Naziv, id_nadkategorija) values (2, 'Mouse', 5);
insert into Kategorija (id_kategorija, Naziv, id_nadkategorija) values (3, 'PC', 1);
insert into Kategorija (id_kategorija, Naziv, id_nadkategorija) values (4, 'TV', 7);
insert into Kategorija (id_kategorija, Naziv, id_nadkategorija) values (5, 'Cables', 7);
insert into Kategorija (id_kategorija, Naziv, id_nadkategorija) values (6, 'Games', 1);
insert into Kategorija (id_kategorija, Naziv, id_nadkategorija) values (7, 'Consoles', 2);

insert into Skladiste (id_skladiste, Naziv, id_lokacija, id_odgovornaOsoba) values (1, 'Zathin', 5, 10);
insert into Skladiste (id_skladiste, Naziv, id_lokacija, id_odgovornaOsoba) values (2, 'Alphazap', 4, 20);
insert into Skladiste (id_skladiste, Naziv, id_lokacija, id_odgovornaOsoba) values (3, 'Sonsing', 3, 30);
insert into Skladiste (id_skladiste, Naziv, id_lokacija, id_odgovornaOsoba) values (4, 'Sonsing', 2, 14);
insert into Skladiste (id_skladiste, Naziv, id_lokacija, id_odgovornaOsoba) values (5, 'Asoka', 1, 5);
insert into Skladiste (id_skladiste, Naziv, id_lokacija, id_odgovornaOsoba) values (6, 'Alphazap', 6, 16);
insert into Skladiste (id_skladiste, Naziv, id_lokacija, id_odgovornaOsoba) values (7, 'Fix San', 7, 7);
insert into Skladiste (id_skladiste, Naziv, id_lokacija, id_odgovornaOsoba) values (8, 'Ronstring', 8, 18);
insert into Skladiste (id_skladiste, Naziv, id_lokacija, id_odgovornaOsoba) values (9, 'Sub-Ex', 9, 9);
insert into Skladiste (id_skladiste, Naziv, id_lokacija, id_odgovornaOsoba) values (10, 'Lotstring', 10, 25);


insert into Kolicina (Kolicina, id, id_skladiste, id_proizvod) values (95, 'Veribet', 2, 1);
insert into Kolicina (Kolicina, id, id_skladiste, id_proizvod) values (47, 'Sonair', 2, 2);
insert into Kolicina (Kolicina, id, id_skladiste, id_proizvod) values (17, 'Fixflex', 5, 3);
insert into Kolicina (Kolicina, id, id_skladiste, id_proizvod) values (98, 'Voltsillam', 6, 4);
insert into Kolicina (Kolicina, id, id_skladiste, id_proizvod) values (84, 'Cardguard', 1, 5);
insert into Kolicina (Kolicina, id, id_skladiste, id_proizvod) values (77, 'Voltsillam', 1, 6);
insert into Kolicina (Kolicina, id, id_skladiste, id_proizvod) values (2, 'Alphazap', 5, 7);
insert into Kolicina (Kolicina, id, id_skladiste, id_proizvod) values (42, 'Voyatouch', 6, 8);
insert into Kolicina (Kolicina, id, id_skladiste, id_proizvod) values (100, 'Flowdesk', 1, 9);
insert into Kolicina (Kolicina, id, id_skladiste, id_proizvod) values (3, 'Flexidy', 7, 10);
insert into Kolicina (Kolicina, id, id_skladiste, id_proizvod) values (64, 'Stronghold', 4, 11);
insert into Kolicina (Kolicina, id, id_skladiste, id_proizvod) values (33, 'Solarbreeze', 1, 12);
insert into Kolicina (Kolicina, id, id_skladiste, id_proizvod) values (38, 'Gembucket', 6, 13);
insert into Kolicina (Kolicina, id, id_skladiste, id_proizvod) values (23, 'Sonsing', 5, 14);
insert into Kolicina (Kolicina, id, id_skladiste, id_proizvod) values (22, 'Alpha', 4, 15);
